{
  "train_losses": [
    0.7768836654722691,
    0.7399492437640826
  ],
  "val_losses": [
    0.7534516304731369,
    0.7104395081599554
  ],
  "train_accuracies": [
    47.16732542819499,
    51.11989459815547
  ],
  "val_accuracies": [
    49.473684210526315,
    52.10526315789474
  ],
  "best_epoch": 2,
  "best_val_loss": 0.7104395081599554,
  "best_val_accuracy": 52.10526315789474
}