{
  "train_losses": [
    0.8042516633868217,
    0.7572910773257414
  ],
  "val_losses": [
    0.8070744524399439,
    0.754851222038269
  ],
  "train_accuracies": [
    44.79578392621871,
    45.98155467720685
  ],
  "val_accuracies": [
    40.0,
    47.36842105263158
  ],
  "best_epoch": 2,
  "best_val_loss": 0.754851222038269,
  "best_val_accuracy": 47.36842105263158
}