{
  "train_losses": [
    0.6515788150330385,
    0.6337468015650908
  ],
  "val_losses": [
    0.6154506206512451,
    0.5939902166525522
  ],
  "train_accuracies": [
    60.47430830039526,
    63.241106719367586
  ],
  "val_accuracies": [
    62.63157894736842,
    67.36842105263158
  ],
  "best_epoch": 2,
  "best_val_loss": 0.5939902166525522,
  "best_val_accuracy": 67.36842105263158
}