{
  "train_losses": [
    0.7119567381838957,
    0.6952468554178873
  ],
  "val_losses": [
    0.7746677796045939,
    0.7544485727945963
  ],
  "train_accuracies": [
    52.042160737812914,
    52.700922266139656
  ],
  "val_accuracies": [
    48.94736842105263,
    47.89473684210526
  ],
  "best_epoch": 2,
  "best_val_loss": 0.7544485727945963,
  "best_val_accuracy": 47.89473684210526
}