{
  "train_losses": [
    0.9909677977363268,
    0.8956560964385668
  ],
  "val_losses": [
    0.9592795868714651,
    0.8650700549284617
  ],
  "train_accuracies": [
    47.36842105263158,
    46.05263157894737
  ],
  "val_accuracies": [
    45.5026455026455,
    42.857142857142854
  ],
  "best_epoch": 2,
  "best_val_loss": 0.8650700549284617,
  "best_val_accuracy": 42.857142857142854
}